id;nom;auteur;conseil
1;yellow;Books Generic;robust withdrawal generate
2;Garden open-source hybrid;Solomon Islands Dollar;Personal Loan Account HTTP
3;schemas Specialist China;quantify multi-byte;interface Cotton Robust
4;user-centric Infrastructure;Managed Dobra application;Fantastic
5;Liechtenstein Buckinghamshire monetize;Direct;Small Frozen Salad bypassing
6;time-frame Quality;Borders Borders Practical;methodical
7;Pakistan;parse;neural Wooden Optimization
8;Tasty Rubber Car mindshare EXE;bandwidth Liaison;program Auto Loan Account Refined
9;infomediaries;Fantastic Fresh Salad;Steel Avon Visionary
10;exploit transition;User-centric Principal Pennsylvania;repurpose Sleek
