id;nom;composition;possologie;prevention;prix
1;Credit Card Account;navigate;Re-contextualized;web-enabled invoice withdrawal;bypassing optical
2;installation;Argentine Peso;Kentucky Algerian Dinar Clothing;open-source turn-key;Sausages
3;disintermediate Cambridgeshire hacking;bricks-and-clicks Concrete Global;Fiji Dollar Profound Bacon;Macao Equatorial Guinea Vision-oriented;Agent
4;Human deposit;even-keeled Saint Helena Pound;Internal AI optical;bypassing Marketing;Dynamic Home Loan Account Tools
5;Branding;Home Gloves Latvia;Ports Manager Fish;Networked;Fish
6;payment calculating;local area network Benin;turn-key dedicated;Wisconsin;target Human withdrawal
7;dot-com payment Libyan Dinar;white sensor local;calculate;Chips;Villages uniform PCI
8;Automotive Tactics architectures;Wisconsin Facilitator Incredible;reinvent;eco-centric Bedfordshire mesh;Configuration UIC-Franc
9;Ergonomic Concrete Soap Zambian Kwacha;Concrete Bedfordshire;portal calculating Metal;real-time discrete redundant;Synergistic Personal Loan Account Sleek
10;Borders;olive Handcrafted Cotton Bacon Unbranded Fresh Pants;incubate;interfaces;Garden Dale Wallis and Futuna
